Workbook

Sheet Raw (paste here)
A1: Paste your CoolTerm capture below | B1: starting at cell A2. Keep the header row from the device.
A2: Time_ms | B2: Ultrasonic_cm | C2: ToF_cm | D2: IR_detected
A3: 807 | B3: 28.8 | C3: 33 | D3: 0
A4: 986 | B4: 30.3 | C4: 32.8 | D4: 0
A5: 1164 | B5: 29.8 | C5: 33 | D5: 0
A6: 1342 | B6: 29.9 | C6: 32.6 | D6: 0
A7: 1520 | B7: 30.4 | C7: 33 | D7: 0
A8: 1698 | B8: 29.9 | C8: 33 | D8: 0
A9: 1876 | B9: 29.8 | C9: 32.9 | D9: 0
A10: 2055 | B10: 29.8 | C10: 32.8 | D10: 0
A11: 2233 | B11: 29.8 | C11: 32.7 | D11: 0
A12: 2411 | B12: 29.8 | C12: 32.9 | D12: 0
A13: 2590 | B13: 29.8 | C13: 33.1 | D13: 0
A14: 2768 | B14: 29.8 | C14: 33.2 | D14: 0
... A167: 29870 | B167: 28 | C167: 31.8 | D167: 0

Sheet Clean
A1: Cleaned view of the Raw tab. -1 (out of range) becomes blank so it won't skew stats. Extends automatically as you add Raw rows up to row 1000.
A2: Time (s) | B2: Ultrasonic (cm) | C2: ToF (cm) | D2: IR detected
A3: =IF('Raw (paste here)'!A3="","",'Raw (paste here)'!A3/1000) -> 0.807 | B3: =IF(OR('Raw (paste here)'!B3="",'Raw (paste here)'!B3=-1),"",'Raw (paste here)'!B3) -> 28.8 | C3: =IF(OR('Raw (paste here)'!C3="",'Raw (paste here)'!C3=-1),"",'Raw (paste here)'!C3) -> 33 | D3: =IF('Raw (paste here)'!D3="","",'Raw (paste here)'!D3) -> 0
A4: =IF('Raw (paste here)'!A4="","",'Raw (paste here)'!A4/1000) -> 0.986 | B4: =IF(OR('Raw (paste here)'!B4="",'Raw (paste here)'!B4=-1),"",'Raw (paste here)'!B4) -> 30.3 | C4: =IF(OR('Raw (paste here)'!C4="",'Raw (paste here)'!C4=-1),"",'Raw (paste here)'!C4) -> 32.8 | D4: =IF('Raw (paste here)'!D4="","",'Raw (paste here)'!D4) -> 0
A5: =IF('Raw (paste here)'!A5="","",'Raw (paste here)'!A5/1000) -> 1.164 | B5: =IF(OR('Raw (paste here)'!B5="",'Raw (paste here)'!B5=-1),"",'Raw (paste here)'!B5) -> 29.8 | C5: =IF(OR('Raw (paste here)'!C5="",'Raw (paste here)'!C5=-1),"",'Raw (paste here)'!C5) -> 33 | D5: =IF('Raw (paste here)'!D5="","",'Raw (paste here)'!D5) -> 0
A6: =IF('Raw (paste here)'!A6="","",'Raw (paste here)'!A6/1000) -> 1.342 | B6: =IF(OR('Raw (paste here)'!B6="",'Raw (paste here)'!B6=-1),"",'Raw (paste here)'!B6) -> 29.9 | C6: =IF(OR('Raw (paste here)'!C6="",'Raw (paste here)'!C6=-1),"",'Raw (paste here)'!C6) -> 32.6 | D6: =IF('Raw (paste here)'!D6="","",'Raw (paste here)'!D6) -> 0
A7: =IF('Raw (paste here)'!A7="","",'Raw (paste here)'!A7/1000) -> 1.52 | B7: =IF(OR('Raw (paste here)'!B7="",'Raw (paste here)'!B7=-1),"",'Raw (paste here)'!B7) -> 30.4 | C7: =IF(OR('Raw (paste here)'!C7="",'Raw (paste here)'!C7=-1),"",'Raw (paste here)'!C7) -> 33 | D7: =IF('Raw (paste here)'!D7="","",'Raw (paste here)'!D7) -> 0
A8: =IF('Raw (paste here)'!A8="","",'Raw (paste here)'!A8/1000) -> 1.698 | B8: =IF(OR('Raw (paste here)'!B8="",'Raw (paste here)'!B8=-1),"",'Raw (paste here)'!B8) -> 29.9 | C8: =IF(OR('Raw (paste here)'!C8="",'Raw (paste here)'!C8=-1),"",'Raw (paste here)'!C8) -> 33 | D8: =IF('Raw (paste here)'!D8="","",'Raw (paste here)'!D8) -> 0
A9: =IF('Raw (paste here)'!A9="","",'Raw (paste here)'!A9/1000) -> 1.876 | B9: =IF(OR('Raw (paste here)'!B9="",'Raw (paste here)'!B9=-1),"",'Raw (paste here)'!B9) -> 29.8 | C9: =IF(OR('Raw (paste here)'!C9="",'Raw (paste here)'!C9=-1),"",'Raw (paste here)'!C9) -> 32.9 | D9: =IF('Raw (paste here)'!D9="","",'Raw (paste here)'!D9) -> 0
A10: =IF('Raw (paste here)'!A10="","",'Raw (paste here)'!A10/1000) -> 2.055 | B10: =IF(OR('Raw (paste here)'!B10="",'Raw (paste here)'!B10=-1),"",'Raw (paste here)'!B10) -> 29.8 | C10: =IF(OR('Raw (paste here)'!C10="",'Raw (paste here)'!C10=-1),"",'Raw (paste here)'!C10) -> 32.8 | D10: =IF('Raw (paste here)'!D10="","",'Raw (paste here)'!D10) -> 0
A11: =IF('Raw (paste here)'!A11="","",'Raw (paste here)'!A11/1000) -> 2.233 | B11: =IF(OR('Raw (paste here)'!B11="",'Raw (paste here)'!B11=-1),"",'Raw (paste here)'!B11) -> 29.8 | C11: =IF(OR('Raw (paste here)'!C11="",'Raw (paste here)'!C11=-1),"",'Raw (paste here)'!C11) -> 32.7 | D11: =IF('Raw (paste here)'!D11="","",'Raw (paste here)'!D11) -> 0
A12: =IF('Raw (paste here)'!A12="","",'Raw (paste here)'!A12/1000) -> 2.411 | B12: =IF(OR('Raw (paste here)'!B12="",'Raw (paste here)'!B12=-1),"",'Raw (paste here)'!B12) -> 29.8 | C12: =IF(OR('Raw (paste here)'!C12="",'Raw (paste here)'!C12=-1),"",'Raw (paste here)'!C12) -> 32.9 | D12: =IF('Raw (paste here)'!D12="","",'Raw (paste here)'!D12) -> 0
A13: =IF('Raw (paste here)'!A13="","",'Raw (paste here)'!A13/1000) -> 2.59 | B13: =IF(OR('Raw (paste here)'!B13="",'Raw (paste here)'!B13=-1),"",'Raw (paste here)'!B13) -> 29.8 | C13: =IF(OR('Raw (paste here)'!C13="",'Raw (paste here)'!C13=-1),"",'Raw (paste here)'!C13) -> 33.1 | D13: =IF('Raw (paste here)'!D13="","",'Raw (paste here)'!D13) -> 0
A14: =IF('Raw (paste here)'!A14="","",'Raw (paste here)'!A14/1000) -> 2.768 | B14: =IF(OR('Raw (paste here)'!B14="",'Raw (paste here)'!B14=-1),"",'Raw (paste here)'!B14) -> 29.8 | C14: =IF(OR('Raw (paste here)'!C14="",'Raw (paste here)'!C14=-1),"",'Raw (paste here)'!C14) -> 33.2 | D14: =IF('Raw (paste here)'!D14="","",'Raw (paste here)'!D14) -> 0
... A1000: =IF('Raw (paste here)'!A1000="","",'Raw (paste here)'!A1000/1000) | B1000: =IF(OR('Raw (paste here)'!B1000="",'Raw (paste here)'!B1000=-1),"",'Raw (paste here)'!B1000) | C1000: =IF(OR('Raw (paste here)'!C1000="",'Raw (paste here)'!C1000=-1),"",'Raw (paste here)'!C1000) | D1000: =IF('Raw (paste here)'!D1000="","",'Raw (paste here)'!D1000)

Sheet Stats
A1: Per-sensor summary (ignores blanks / out-of-range automatically).
A2: Metric | B2: Ultrasonic (cm) | C2: ToF (cm)
A3: Valid readings | B3: =COUNT(Clean!B3:B1000) -> 165 | C3: =COUNT(Clean!C3:C1000) -> 165
A4: Out-of-range count | B4: =COUNTIF('Raw (paste here)'!B3:B1000,-1) -> 0 | C4: =COUNTIF('Raw (paste here)'!C3:C1000,-1) -> 0
A5: Mean | B5: =IFERROR(AVERAGE(Clean!B3:B1000),"") -> 18.568485 | C5: =IFERROR(AVERAGE(Clean!C3:C1000),"") -> 20.352727
A6: Min | B6: =IFERROR(MIN(Clean!B3:B1000),"") -> 2.6 | C6: =IFERROR(MIN(Clean!C3:C1000),"") -> 3.5
A7: Max | B7: =IFERROR(MAX(Clean!B3:B1000),"") -> 30.4 | C7: =IFERROR(MAX(Clean!C3:C1000),"") -> 33.5
A8: Std dev | B8: =IFERROR(STDEV(Clean!B3:B1000),"") -> 8.8573093 | C8: =IFERROR(STDEV(Clean!C3:C1000),"") -> 9.5269679
A9: IR triggers (count of 1s) | B9: =COUNTIF(Clean!D3:D1000,1) -> 69
